FROM,TO,R,X,B,STATUS,TAP,RATING_KW
1,2,0.000153,7.7e-05,0,1,1,11402.96
2,3,0.000212,0.000106,0,1,1,11402.96
3,4,0.000211,0.000106,0,1,1,11402.96
3,5,0.000189,0.000321,0,1,1,10859.96
4,6,0.000263,0.000132,0,1,1,11402.96
4,7,9.7e-05,0.000165,0,1,1,10859.96
6,8,0.013629,0.008387,0,1,1,15203.94
7,9,0.003846,0.001932,0,1,1,11402.96
8,10,1e-06,1e-06,0,1,1,36199.86
9,11,5.2e-05,2.6e-05,0,1,1,11402.96
10,12,0.000261,0.000444,0,1,1,10859.96
11,13,0.000159,8e-05,0,1,1,11402.96
12,14,0.013339,0.02269,0,1,1,10859.96
12,15,0.008756,0.014894,0,1,1,10859.96
14,16,0.019238,0.032724,0,1,1,10859.96
14,17,0.001746,0.000877,0,1,1,11402.96
16,18,0.021665,0.036853,0,1,1,10859.96
17,19,0.000134,6.7e-05,0,1,1,11402.96
18,20,0.021409,0.036417,0,1,1,10859.96
19,21,0.027023,0.013576,0,1,1,11402.96
20,22,1e-06,1e-06,0,1,1,36199.86
21,23,0.00964,0.004843,0,1,1,11402.96
22,24,0.007838,0.013333,0,1,1,10859.96
23,25,0.006127,0.003078,0,1,1,11402.96
24,26,0.02032,0.034565,0,1,1,10859.96
24,27,0.02005,0.034106,0,1,1,10859.96
25,28,0.003538,0.001777,0,1,1,11402.96
27,29,0.014604,0.024842,0,1,1,10859.96
28,30,1e-06,1e-06,0,1,1,36199.86
29,31,1e-06,1e-06,0,1,1,36199.86
29,32,0.017618,0.029968,0,1,1,10859.96
30,33,1e-06,1e-06,0,1,1,36199.86
31,34,212.96,238.128,0,1,1,47.5
32,35,0.016698,0.028404,0,1,1,10859.96
33,36,23.695833,60.984,0,1,1,285.0
35,37,0.018811,0.031997,0,1,1,10859.96
37,38,0.016939,0.028814,0,1,1,10859.96
38,39,1e-06,1e-06,0,1,1,36199.86
39,40,0.017624,0.029979,0,1,1,10859.96
40,41,0.017438,0.029663,0,1,1,10859.96
41,42,1e-06,1e-06,0,1,1,36199.86
42,43,0.008828,0.015016,0,1,1,10859.96
43,44,1e-06,1e-06,0,1,1,36199.86
43,45,0.006746,0.011474,0,1,1,10859.96
44,46,212.96,238.128,0,1,1,47.5
45,47,0.006188,0.010527,0,1,1,10859.96
47,48,0.006363,0.010823,0,1,1,10859.96
47,49,0.008121,0.013813,0,1,1,10859.96
47,50,0.020396,0.034694,0,1,1,10859.96
48,51,0.007101,0.01208,0,1,1,10859.96
49,52,0.013347,0.022704,0,1,1,10859.96
49,53,1e-06,1e-06,0,1,1,36199.86
52,54,1e-06,1e-06,0,1,1,36199.86
52,55,0.010636,0.018093,0,1,1,10859.96
53,56,425.92,476.256,0,1,1,23.75
54,57,84.7,174.24,0,1,1,95.0
55,58,0.005809,0.009881,0,1,1,10859.96
58,59,0.006965,0.011848,0,1,1,10859.96
59,60,1e-06,1e-06,0,1,1,36199.86
59,61,0.017556,0.029864,0,1,1,10859.96
60,62,425.92,476.256,0,1,1,23.75
61,63,0.012847,0.021854,0,1,1,10859.96
63,64,0.024294,0.041325,0,1,1,10859.96
64,65,0.014131,0.024038,0,1,1,10859.96
65,66,0.006014,0.010231,0,1,1,10859.96
65,67,0.014368,0.024441,0,1,1,10859.96
66,68,1e-06,1e-06,0,1,1,36199.86
67,69,0.015678,0.009835,0,1,1,13212.95
67,70,0.012564,0.021372,0,1,1,10859.96
68,71,0.153652,0.055161,0,1,1,3040.79
69,72,1e-06,1e-06,0,1,1,36199.86
70,73,0.013143,0.022357,0,1,1,10859.96
70,74,1e-06,1e-06,0,1,1,36199.86
71,75,0.15355,0.055124,0,1,1,3040.79
71,76,1e-06,1e-06,0,1,1,36199.86
72,77,1e-06,1e-06,0,1,1,36199.86
72,78,1e-06,1e-06,0,1,1,36199.86
74,79,134.444444,276.571429,0,1,1,59.85
75,80,0.152408,0.054714,0,1,1,3040.79
76,81,12.584,37.268,0,1,1,475.0
77,82,7.098667,31.492267,0,1,1,712.5
78,83,0.036088,0.022639,0,1,1,13212.95
80,84,1e-06,1e-06,0,1,1,36199.86
83,85,0.000186,0.000316,0,1,1,10859.96
83,86,0.01908,0.032455,0,1,1,10859.96
84,87,0.031248,0.011218,0,1,1,3040.79
86,88,0.009326,0.015863,0,1,1,10859.96
87,89,1e-06,1e-06,0,1,1,36199.86
88,90,0.02414,0.041062,0,1,1,10859.96
89,91,0.066742,0.02396,0,1,1,3040.79
90,92,1e-06,1e-06,0,1,1,36199.86
91,93,1e-06,1e-06,0,1,1,36199.86
92,94,0.009864,0.01678,0,1,1,10859.96
93,95,212.96,238.128,0,1,1,47.5
94,96,1e-06,1e-06,0,1,1,36199.86
94,97,0.005995,0.010197,0,1,1,10859.96
94,98,425.92,476.256,0,1,1,23.75
97,99,0.011683,0.005869,0,1,1,11402.96
99,100,0.028155,0.014144,0,1,1,11402.96
100,101,0.012948,0.006505,0,1,1,11402.96
101,102,0.009053,0.004548,0,1,1,11402.96
102,103,0.006124,0.003077,0,1,1,11402.96
103,104,0.012767,0.006414,0,1,1,11402.96
104,105,1e-06,1e-06,0,1,1,36199.86
105,106,1e-06,1e-06,0,1,1,36199.86
105,107,1e-06,1e-06,0,1,1,36199.86
105,108,1e-06,1e-06,0,1,1,36199.86
106,109,0.004979,0.002501,0,1,1,11402.96
107,110,0.012787,0.006424,0,1,1,11402.96
108,111,12.584,37.268,0,1,1,475.0
109,112,0.021025,0.010562,0,1,1,11402.96
110,113,0.006358,0.003194,0,1,1,11402.96
112,114,0.00586,0.002944,0,1,1,11402.96
113,115,0.009185,0.004614,0,1,1,11402.96
114,116,0.027224,0.013677,0,1,1,11402.96
115,117,0.012987,0.006525,0,1,1,11402.96
116,118,1e-06,1e-06,0,1,1,36199.86
117,119,0.030193,0.015168,0,1,1,11402.96
118,120,1e-06,1e-06,0,1,1,36199.86
119,121,0.014666,0.024948,0,1,1,13574.95
120,122,12.584,37.268,0,1,1,475.0
121,123,0.057476,0.028874,0,1,1,11402.96
121,124,0.011826,0.020116,0,1,1,13574.95
123,125,0.001866,0.000937,0,1,1,11402.96
124,126,0.013192,0.02244,0,1,1,13574.95
125,127,0.009025,0.004534,0,1,1,11402.96
126,128,0.012937,0.022007,0,1,1,13574.95
127,129,2.7e-05,1.4e-05,0,1,1,11402.96
128,130,0.012975,0.022071,0,1,1,13574.95
129,131,0.000656,0.00033,0,1,1,11402.96
130,132,0.004455,0.007579,0,1,1,13574.95
130,133,0.002372,0.004034,0,1,1,10859.96
131,134,0.000718,0.000361,0,1,1,11402.96
132,135,1e-06,1e-06,0,1,1,36199.86
133,136,1e-06,1e-06,0,1,1,36199.86
134,137,1e-06,1e-06,0,1,1,36199.86
135,138,0.008805,0.014977,0,1,1,10859.96
136,139,12.584,37.268,0,1,1,475.0
137,140,1e-06,1e-06,0,1,1,36199.86
137,141,1e-06,1e-06,0,1,1,36199.86
137,142,1e-06,1e-06,0,1,1,36199.86
138,143,0.010128,0.017228,0,1,1,10859.96
140,144,0.000527,0.000265,0,1,1,11402.96
141,145,0.000527,0.000265,0,1,1,11402.96
142,146,12.584,37.268,0,1,1,475.0
143,147,0.019539,0.033236,0,1,1,10859.96
143,148,0.019575,0.033297,0,1,1,10859.96
143,149,0.00895,0.015225,0,1,1,10859.96
144,150,0.000812,0.000408,0,1,1,11402.96
145,151,0.000909,0.000457,0,1,1,11402.96
147,152,1e-06,1e-06,0,1,1,36199.86
148,153,1e-06,1e-06,0,1,1,36199.86
148,154,0.022964,0.039062,0,1,1,10859.96
149,155,0.007967,0.013553,0,1,1,10859.96
150,156,5.3e-05,2.7e-05,0,1,1,11402.96
151,157,0.006337,0.003183,0,1,1,11402.96
152,158,0.019385,0.032975,0,1,1,10859.96
153,159,425.92,476.256,0,1,1,23.75
154,160,1e-06,1e-06,0,1,1,36199.86
155,161,1e-06,1e-06,0,1,1,36199.86
156,162,0.009256,0.00465,0,1,1,11402.96
157,163,0.008072,0.004055,0,1,1,11402.96
158,164,1e-06,1e-06,0,1,1,36199.86
158,165,0.021307,0.036244,0,1,1,10859.96
160,166,0.024416,0.041533,0,1,1,10859.96
161,167,0.04908,0.027298,0,1,1,3945.78
162,168,0.010907,0.005479,0,1,1,11402.96
163,169,0.002566,0.001289,0,1,1,11402.96
164,170,1064.8,1190.64,0,1,1,9.5
165,171,1e-06,1e-06,0,1,1,36199.86
165,172,0.021276,0.03619,0,1,1,10859.96
166,173,0.02373,0.040365,0,1,1,10859.96
167,174,0.036874,0.020509,0,1,1,3945.78
168,175,0.014341,0.007204,0,1,1,11402.96
169,176,0.024121,0.012118,0,1,1,11402.96
171,177,1064.8,1190.64,0,1,1,9.5
172,178,1e-06,1e-06,0,1,1,36199.86
172,179,0.021456,0.036497,0,1,1,10859.96
173,180,0.022056,0.037518,0,1,1,10859.96
174,181,0.056426,0.031384,0,1,1,3945.78
175,182,0.004641,0.002332,0,1,1,11402.96
176,183,0.000277,0.000139,0,1,1,11402.96
178,184,1064.8,1190.64,0,1,1,9.5
179,185,1e-06,1e-06,0,1,1,36199.86
179,186,0.021297,0.036226,0,1,1,10859.96
180,187,0.022177,0.037725,0,1,1,10859.96
181,188,0.051949,0.028894,0,1,1,3945.78
182,189,0.023611,0.011862,0,1,1,11402.96
183,190,1e-06,1e-06,0,1,1,36199.86
185,191,425.92,476.256,0,1,1,23.75
186,192,1e-06,1e-06,0,1,1,36199.86
186,193,0.02122,0.036095,0,1,1,10859.96
187,194,0.02728,0.046404,0,1,1,10859.96
188,195,0.049927,0.027769,0,1,1,3945.78
189,196,0.000297,0.000149,0,1,1,11402.96
190,197,1e-06,1e-06,0,1,1,36199.86
190,198,1e-06,1e-06,0,1,1,36199.86
192,199,1064.8,1190.64,0,1,1,9.5
193,200,0.023508,0.039987,0,1,1,10859.96
193,201,1e-06,1e-06,0,1,1,36199.86
194,202,0.028075,0.047757,0,1,1,10859.96
195,203,0.017905,0.009959,0,1,1,3945.78
196,204,0.01373,0.006897,0,1,1,11402.96
197,205,0.000221,0.000111,0,1,1,11402.96
198,206,12.584,37.268,0,1,1,475.0
200,207,0.023258,0.039563,0,1,1,10859.96
201,208,1064.8,1190.64,0,1,1,9.5
202,209,0.02406,0.040928,0,1,1,10859.96
203,210,1e-06,1e-06,0,1,1,36199.86
203,211,0.016709,0.009293,0,1,1,3945.78
204,212,8e-05,4e-05,0,1,1,11402.96
205,213,0.011474,0.005764,0,1,1,11402.96
207,214,0.029081,0.017611,0,1,1,4380.18
207,215,0.048191,0.081974,0,1,1,10859.96
209,216,0.02569,0.0437,0,1,1,10859.96
210,217,212.96,238.128,0,1,1,47.5
212,218,0.011555,0.005805,0,1,1,11402.96
213,219,0.01099,0.005521,0,1,1,11402.96
214,220,1e-06,1e-06,0,1,1,36199.86
215,221,0.025256,0.042961,0,1,1,10859.96
215,222,0.000193,0.000329,0,1,1,10859.96
216,223,0.021568,0.036688,0,1,1,10859.96
218,224,0.006443,0.003237,0,1,1,11402.96
219,225,0.003465,0.001741,0,1,1,11402.96
220,226,35.54375,91.476,0,1,1,190.0
221,227,0.025184,0.042839,0,1,1,10859.96
222,228,1e-06,1e-06,0,1,1,36199.86
223,229,0.000613,0.000371,0,1,1,4380.18
223,230,0.006974,0.011863,0,1,1,10859.96
224,231,0.001268,0.000637,0,1,1,11402.96
225,232,0.011489,0.005772,0,1,1,11402.96
227,233,0.026951,0.045844,0,1,1,10859.96
228,234,0.084213,0.010593,0,1,1,4524.98
229,235,1e-06,1e-06,0,1,1,36199.86
230,236,0.029711,0.014926,0,1,1,11402.96
230,237,0.015234,0.025913,0,1,1,10859.96
231,238,0.010969,0.00551,0,1,1,11402.96
232,239,0.000675,0.000339,0,1,1,11402.96
233,240,0.021537,0.036636,0,1,1,10859.96
234,241,1.024946,0.212394,0,1,1,1013.6
235,242,0.000598,0.000362,0,1,1,6696.97
236,243,0.01103,0.005541,0,1,1,11402.96
237,244,0.02113,0.035943,0,1,1,10859.96
238,245,0.001269,0.000637,0,1,1,11402.96
239,246,0.010657,0.005354,0,1,1,11402.96
240,247,1e-06,1e-06,0,1,1,36199.86
240,248,0.023178,0.039426,0,1,1,10859.96
241,249,1.566016,0.324517,0,1,1,1013.6
242,250,0.039906,0.024165,0,1,1,6696.97
242,251,1e-06,1e-06,0,1,1,36199.86
243,252,0.0058,0.002914,0,1,1,11402.96
244,253,0.019139,0.032556,0,1,1,10859.96
245,254,0.004651,0.002337,0,1,1,11402.96
246,255,0.006073,0.003051,0,1,1,11402.96
247,256,134.444444,276.571429,0,1,1,59.85
248,257,0.000195,0.000332,0,1,1,10859.96
248,258,0.023237,0.039526,0,1,1,10859.96
249,259,0.424182,0.087901,0,1,1,1013.6
249,260,1.862442,0.385944,0,1,1,1013.6
250,261,0.063948,0.038725,0,1,1,6696.97
251,262,425.92,476.256,0,1,1,23.75
252,263,0.005915,0.002971,0,1,1,11402.96
253,264,0.024522,0.041713,0,1,1,10859.96
253,265,1e-06,1e-06,0,1,1,36199.86
254,266,0.010121,0.005084,0,1,1,11402.96
255,267,0.021022,0.010561,0,1,1,11402.96
257,268,1e-06,1e-06,0,1,1,36199.86
258,269,1e-06,1e-06,0,1,1,36199.86
258,270,0.023176,0.039423,0,1,1,10859.96
259,271,1e-06,1e-06,0,1,1,36199.86
260,272,1e-06,1e-06,0,1,1,36199.86
261,273,1e-06,1e-06,0,1,1,36199.86
263,274,0.001642,0.000825,0,1,1,11402.96
264,275,0.018137,0.030852,0,1,1,10859.96
264,276,1e-06,1e-06,0,1,1,36199.86
265,277,35.54375,91.476,0,1,1,190.0
266,278,0.013356,0.00671,0,1,1,11402.96
267,279,0.002908,0.001461,0,1,1,11402.96
268,280,0.273001,0.03434,0,1,1,4524.98
269,281,1064.8,1190.64,0,1,1,9.5
270,282,0.02403,0.040875,0,1,1,10859.96
270,283,1e-06,1e-06,0,1,1,36199.86
271,284,212.96,238.128,0,1,1,47.5
272,285,212.96,238.128,0,1,1,47.5
273,286,134.444444,276.571429,0,1,1,59.85
274,287,0.017378,0.00873,0,1,1,11402.96
275,288,0.00669,0.003361,0,1,1,11402.96
275,289,0.005157,0.008771,0,1,1,10859.96
276,290,1064.8,1190.64,0,1,1,9.5
278,291,0.023468,0.011789,0,1,1,11402.96
278,292,1e-06,1e-06,0,1,1,36199.86
279,293,8e-05,4e-05,0,1,1,11402.96
280,294,23.695833,60.984,0,1,1,285.0
282,295,0.022369,0.038051,0,1,1,10859.96
283,296,425.92,476.256,0,1,1,23.75
287,297,1e-06,1e-06,0,1,1,36199.86
288,298,0.019622,0.009858,0,1,1,11402.96
291,299,0.004651,0.002337,0,1,1,11402.96
292,300,12.584,37.268,0,1,1,475.0
293,301,0.005673,0.00285,0,1,1,11402.96
295,302,5e-06,8e-06,0,1,1,10859.96
297,303,1e-06,1e-06,0,1,1,36199.86
297,304,1e-06,1e-06,0,1,1,36199.86
297,305,1e-06,1e-06,0,1,1,36199.86
298,306,0.000697,0.00035,0,1,1,11402.96
299,307,0.013295,0.006679,0,1,1,11402.96
301,308,1e-06,1e-06,0,1,1,36199.86
302,309,0.000145,0.000247,0,1,1,10859.96
303,310,12.584,37.268,0,1,1,475.0
304,311,0.001498,0.000753,0,1,1,11402.96
305,312,0.001674,0.000841,0,1,1,11402.96
306,313,0.013246,0.006654,0,1,1,11402.96
307,314,0.006654,0.003343,0,1,1,11402.96
308,315,1e-06,1e-06,0,1,1,36199.86
308,316,1e-06,1e-06,0,1,1,36199.86
308,317,1e-06,1e-06,0,1,1,36199.86
309,318,1e-06,1e-06,0,1,1,36199.86
311,319,6.6e-05,3.3e-05,0,1,1,11402.96
312,320,6.6e-05,3.3e-05,0,1,1,11402.96
313,321,0.004612,0.002317,0,1,1,11402.96
314,322,0.01132,0.005687,0,1,1,11402.96
315,323,0.04002,0.020105,0,1,1,11402.96
316,324,23.695833,60.984,0,1,1,285.0
318,325,9.7e-05,0.000166,0,1,1,10859.96
319,326,0.012473,0.006266,0,1,1,11402.96
320,327,0.013415,0.006739,0,1,1,11402.96
321,328,0.003162,0.001589,0,1,1,11402.96
322,329,0.000403,0.000203,0,1,1,11402.96
323,330,8e-05,4e-05,0,1,1,11402.96
325,331,0.00116,0.000702,0,1,1,4380.18
325,332,0.025608,0.043559,0,1,1,10859.96
326,333,0.000709,0.000356,0,1,1,11402.96
327,334,0.007266,0.00365,0,1,1,11402.96
328,335,0.000107,5.4e-05,0,1,1,11402.96
329,336,0.001917,0.000963,0,1,1,11402.96
330,337,0.004419,0.00222,0,1,1,11402.96
331,338,1e-06,1e-06,0,1,1,36199.86
332,339,1e-06,1e-06,0,1,1,36199.86
332,340,0.026892,0.045745,0,1,1,10859.96
333,341,0.010002,0.005025,0,1,1,11402.96
334,342,0.000552,0.000277,0,1,1,11402.96
335,343,0.006607,0.003319,0,1,1,11402.96
336,344,0.002121,0.001066,0,1,1,11402.96
337,345,8e-05,4e-05,0,1,1,11402.96
338,346,0.048598,0.029429,0,1,1,4380.18
339,347,425.92,476.256,0,1,1,23.75
340,348,0.021685,0.036886,0,1,1,10859.96
341,349,0.002209,0.00111,0,1,1,11402.96
342,350,0.003195,0.001605,0,1,1,11402.96
343,351,0.01849,0.009289,0,1,1,11402.96
344,352,0.006848,0.00344,0,1,1,11402.96
345,353,0.010037,0.005042,0,1,1,11402.96
346,354,0.053806,0.032583,0,1,1,4380.18
348,355,1e-06,1e-06,0,1,1,36199.86
348,356,0.02115,0.035978,0,1,1,10859.96
349,357,0.000857,0.000431,0,1,1,11402.96
350,358,0.004142,0.002081,0,1,1,11402.96
351,359,1e-06,1e-06,0,1,1,36199.86
352,360,0.003374,0.001695,0,1,1,11402.96
353,361,0.032663,0.016409,0,1,1,11402.96
354,362,19.974603,59.155556,0,1,1,299.25
355,363,1064.8,1190.64,0,1,1,9.5
356,364,0.022151,0.011128,0,1,1,11402.96
356,365,0.025864,0.043996,0,1,1,10859.96
357,366,0.006554,0.003293,0,1,1,11402.96
358,367,0.009659,0.004852,0,1,1,11402.96
359,368,1e-06,1e-06,0,1,1,36199.86
359,369,1e-06,1e-06,0,1,1,36199.86
360,370,0.009406,0.004725,0,1,1,11402.96
361,371,0.008288,0.004164,0,1,1,11402.96
364,372,1e-06,1e-06,0,1,1,36199.86
364,373,1e-06,1e-06,0,1,1,36199.86
365,374,0.030491,0.051866,0,1,1,10859.96
366,375,0.003587,0.001802,0,1,1,11402.96
367,376,0.00073,0.000367,0,1,1,11402.96
368,377,0.001483,0.000745,0,1,1,11402.96
369,378,12.584,37.268,0,1,1,475.0
370,379,0.010394,0.005222,0,1,1,11402.96
371,380,0.000926,0.000465,0,1,1,11402.96
373,381,12.584,37.268,0,1,1,475.0
374,382,1e-06,1e-06,0,1,1,36199.86
375,383,0.003587,0.001802,0,1,1,11402.96
376,384,0.005827,0.002927,0,1,1,11402.96
377,385,0.000151,7.6e-05,0,1,1,11402.96
379,386,1e-06,1e-06,0,1,1,36199.86
380,387,0.019053,0.009572,0,1,1,11402.96
382,388,0.024491,0.04166,0,1,1,10859.96
383,389,0.010153,0.0051,0,1,1,11402.96
384,390,0.001134,0.00057,0,1,1,11402.96
385,391,0.011193,0.005623,0,1,1,11402.96
386,392,1e-06,1e-06,0,1,1,36199.86
386,393,1e-06,1e-06,0,1,1,36199.86
388,394,0.011819,0.020105,0,1,1,10859.96
388,395,0.021043,0.035794,0,1,1,10859.96
388,396,0.016254,0.027648,0,1,1,10859.96
389,397,5.3e-05,2.7e-05,0,1,1,11402.96
390,398,0.010165,0.005107,0,1,1,11402.96
391,399,0.000475,0.000238,0,1,1,11402.96
392,400,0.017007,0.008544,0,1,1,11402.96
393,401,2.839467,19.973067,0,1,1,1425.0
394,402,0.059569,0.029926,0,1,1,11402.96
395,403,1e-06,1e-06,0,1,1,36199.86
396,404,1e-06,1e-06,0,1,1,36199.86
397,405,0.009734,0.00489,0,1,1,11402.96
398,406,0.007929,0.003983,0,1,1,11402.96
399,407,0.009483,0.004764,0,1,1,11402.96
400,408,0.025367,0.012743,0,1,1,11402.96
402,409,1e-06,1e-06,0,1,1,36199.86
403,410,0.022501,0.038275,0,1,1,10859.96
404,411,1.021818,0.211746,0,1,1,1013.6
405,412,0.004921,0.002472,0,1,1,11402.96
405,413,1e-06,1e-06,0,1,1,36199.86
406,414,0.010821,0.005436,0,1,1,11402.96
407,415,0.000718,0.000361,0,1,1,11402.96
408,416,0.000367,0.000184,0,1,1,11402.96
409,417,1e-06,1e-06,0,1,1,36199.86
410,418,1e-06,1e-06,0,1,1,36199.86
410,419,0.023975,0.040783,0,1,1,10859.96
411,420,1.145937,0.237466,0,1,1,905.0
412,421,0.001067,0.000536,0,1,1,11402.96
413,422,12.584,37.268,0,1,1,475.0
414,423,0.009001,0.004522,0,1,1,11402.96
415,424,0.005576,0.002801,0,1,1,11402.96
416,425,0.021037,0.010568,0,1,1,11402.96
417,426,0.055882,0.028073,0,1,1,11402.96
418,427,19.974603,59.155556,0,1,1,299.25
419,428,0.022934,0.039012,0,1,1,10859.96
420,429,1e-06,1e-06,0,1,1,36199.86
420,430,1.49657,0.310126,0,1,1,905.0
421,431,0.005825,0.002926,0,1,1,11402.96
423,432,0.016523,0.008301,0,1,1,11402.96
424,433,0.011212,0.005633,0,1,1,11402.96
425,434,0.00619,0.00311,0,1,1,11402.96
426,435,0.046169,0.023194,0,1,1,11402.96
428,436,0.02257,0.038392,0,1,1,10859.96
429,437,212.96,238.128,0,1,1,47.5
430,438,1.289377,0.267191,0,1,1,905.0
431,439,0.001635,0.000821,0,1,1,11402.96
432,440,0.01095,0.005501,0,1,1,11402.96
433,441,0.003179,0.001597,0,1,1,11402.96
434,442,0.001477,0.000742,0,1,1,11402.96
435,443,0.008973,0.004508,0,1,1,11402.96
436,444,0.022203,0.037768,0,1,1,10859.96
436,445,0.010943,0.002268,0,1,1,1013.6
438,446,1e-06,1e-06,0,1,1,36199.86
438,447,1.075235,0.222815,0,1,1,905.0
439,448,0.008861,0.004451,0,1,1,11402.96
440,449,1e-06,1e-06,0,1,1,36199.86
441,450,0.009571,0.004808,0,1,1,11402.96
442,451,0.010073,0.00506,0,1,1,11402.96
443,452,0.001925,0.000967,0,1,1,11402.96
444,453,0.000175,0.000298,0,1,1,10859.96
445,454,1e-06,1e-06,0,1,1,36199.86
446,455,425.92,476.256,0,1,1,23.75
447,456,1.086979,0.225249,0,1,1,905.0
448,457,0.001409,0.000708,0,1,1,11402.96
449,458,23.695833,60.984,0,1,1,285.0
450,459,0.006019,0.003024,0,1,1,11402.96
451,460,0.009375,0.00471,0,1,1,11402.96
452,461,0.007994,0.013598,0,1,1,10859.96
453,462,0.019162,0.032595,0,1,1,10859.96
453,463,1e-06,1e-06,0,1,1,36199.86
454,464,0.993232,0.205822,0,1,1,1013.6
456,465,1.177413,0.243989,0,1,1,1013.6
457,466,0.002163,0.001086,0,1,1,11402.96
459,467,0.006556,0.003293,0,1,1,11402.96
460,468,0.001681,0.000844,0,1,1,11402.96
461,469,0.009797,0.016665,0,1,1,10859.96
462,470,0.02586,0.043988,0,1,1,10859.96
462,471,0.018837,0.009463,0,1,1,11402.96
463,472,425.92,476.256,0,1,1,23.75
464,473,1e-06,1e-06,0,1,1,36199.86
465,474,1e-06,1e-06,0,1,1,36199.86
465,475,2.203604,0.456641,0,1,1,1013.6
466,476,0.003621,0.001819,0,1,1,11402.96
467,477,0.0121,0.006079,0,1,1,11402.96
468,478,0.023953,0.012033,0,1,1,11402.96
469,479,0.021443,0.036475,0,1,1,10859.96
469,480,1e-06,1e-06,0,1,1,36199.86
470,481,0.021747,0.036993,0,1,1,10859.96
470,482,0.000613,0.000371,0,1,1,4380.18
471,483,0.011849,0.005953,0,1,1,11402.96
473,484,2.390296,0.495328,0,1,1,905.0
473,485,1e-06,1e-06,0,1,1,36199.86
474,486,425.92,476.256,0,1,1,23.75
475,487,1.538729,0.318863,0,1,1,1013.6
476,488,0.000716,0.00036,0,1,1,11402.96
477,489,0.000897,0.000451,0,1,1,11402.96
478,490,1e-06,1e-06,0,1,1,36199.86
479,491,0.021959,0.037354,0,1,1,10859.96
480,492,212.96,238.128,0,1,1,47.5
481,493,0.019629,0.033389,0,1,1,10859.96
482,494,1e-06,1e-06,0,1,1,36199.86
483,495,0.000133,6.7e-05,0,1,1,11402.96
484,496,1.406817,0.291527,0,1,1,905.0
485,497,1064.8,1190.64,0,1,1,9.5
487,498,1e-06,1e-06,0,1,1,36199.86
487,499,0.43683,0.090522,0,1,1,2027.19
488,500,0.00989,0.004969,0,1,1,11402.96
489,501,0.012321,0.006189,0,1,1,11402.96
490,502,1e-06,1e-06,0,1,1,36199.86
490,503,1e-06,1e-06,0,1,1,36199.86
491,504,0.010983,0.018682,0,1,1,10859.96
491,505,0.010813,0.002241,0,1,1,905.0
493,506,0.01649,0.008284,0,1,1,11402.96
493,507,0.022177,0.037724,0,1,1,10859.96
494,508,0.066591,0.040325,0,1,1,4380.18
495,509,0.005641,0.002834,0,1,1,11402.96
496,510,1e-06,1e-06,0,1,1,36199.86
496,511,1.647543,0.341412,0,1,1,905.0
496,512,212.96,238.128,0,1,1,47.5
498,513,425.92,476.256,0,1,1,23.75
499,514,1e-06,1e-06,0,1,1,36199.86
500,515,0.001267,0.000636,0,1,1,11402.96
501,516,0.004167,0.002093,0,1,1,11402.96
502,517,23.695833,60.984,0,1,1,285.0
503,518,0.02766,0.013895,0,1,1,11402.96
504,519,0.01082,0.005436,0,1,1,11402.96
504,520,0.018891,0.032134,0,1,1,10859.96
505,521,1e-06,1e-06,0,1,1,36199.86
506,522,1e-06,1e-06,0,1,1,36199.86
506,523,1e-06,1e-06,0,1,1,36199.86
507,524,0.023221,0.039499,0,1,1,10859.96
508,525,0.067217,0.040704,0,1,1,4380.18
509,526,0.011755,0.005906,0,1,1,11402.96
511,527,1e-06,1e-06,0,1,1,36199.86
514,528,84.7,174.24,0,1,1,95.0
515,529,0.008849,0.004446,0,1,1,11402.96
516,530,0.000517,0.000259,0,1,1,11402.96
518,531,0.010638,0.005344,0,1,1,11402.96
519,532,0.006628,0.00333,0,1,1,11402.96
520,533,0.017091,0.029072,0,1,1,10859.96
521,534,0.801571,0.166105,0,1,1,905.0
522,535,12.584,37.268,0,1,1,475.0
524,536,0.018484,0.031442,0,1,1,10859.96
524,537,1e-06,1e-06,0,1,1,36199.86
525,538,1e-06,1e-06,0,1,1,36199.86
526,539,0.011658,0.005857,0,1,1,11402.96
527,540,1064.8,1190.64,0,1,1,9.5
529,541,0.002143,0.001077,0,1,1,11402.96
530,542,0.005333,0.002679,0,1,1,11402.96
531,543,0.003376,0.001696,0,1,1,22805.91
532,544,0.016382,0.00823,0,1,1,11402.96
534,545,0.812644,0.1684,0,1,1,905.0
536,546,0.000194,0.00033,0,1,1,10859.96
536,547,0.018582,0.031608,0,1,1,10859.96
537,548,35.54375,91.476,0,1,1,190.0
538,549,1064.8,1190.64,0,1,1,9.5
539,550,1e-06,1e-06,0,1,1,36199.86
541,551,0.003261,0.001638,0,1,1,11402.96
542,552,0.002221,0.001116,0,1,1,11402.96
543,553,0.004642,0.002332,0,1,1,22805.91
544,554,1e-06,1e-06,0,1,1,36199.86
545,555,1e-06,1e-06,0,1,1,36199.86
546,556,1e-06,1e-06,0,1,1,36199.86
547,557,0.014237,0.024218,0,1,1,10859.96
547,558,1e-06,1e-06,0,1,1,36199.86
550,559,1e-06,1e-06,0,1,1,36199.86
550,560,1e-06,1e-06,0,1,1,36199.86
550,561,1e-06,1e-06,0,1,1,36199.86
551,562,0.009981,0.005014,0,1,1,11402.96
552,563,0.002516,0.001264,0,1,1,11402.96
553,564,0.006541,0.003286,0,1,1,22805.91
554,565,1e-06,1e-06,0,1,1,36199.86
554,566,1e-06,1e-06,0,1,1,36199.86
554,567,1e-06,1e-06,0,1,1,36199.86
555,568,1064.8,1190.64,0,1,1,9.5
556,569,0.098218,0.012354,0,1,1,4524.98
557,570,0.019424,0.033041,0,1,1,10859.96
558,571,425.92,476.256,0,1,1,23.75
559,572,0.01816,0.009123,0,1,1,11402.96
560,573,0.011206,0.005629,0,1,1,11402.96
561,574,12.584,37.268,0,1,1,475.0
562,575,0.000613,0.000308,0,1,1,11402.96
563,576,6.7e-05,3.3e-05,0,1,1,11402.96
564,577,0.004215,0.002117,0,1,1,22805.91
565,578,0.00655,0.00329,0,1,1,11402.96
566,579,12.584,37.268,0,1,1,475.0
567,580,0.013142,0.006602,0,1,1,11402.96
569,581,2.628727,0.544737,0,1,1,1013.6
570,582,1e-06,1e-06,0,1,1,36199.86
570,583,0.025905,0.044065,0,1,1,10859.96
572,584,0.002308,0.00116,0,1,1,11402.96
573,585,0.002,0.001005,0,1,1,11402.96
575,586,0.020137,0.010116,0,1,1,11402.96
576,587,0.003672,0.001845,0,1,1,11402.96
577,588,0.020814,0.010456,0,1,1,22805.91
578,589,0.00719,0.003612,0,1,1,11402.96
580,590,0.007476,0.003756,0,1,1,11402.96
581,591,1.946502,0.403363,0,1,1,1013.6
582,592,1064.8,1190.64,0,1,1,9.5
583,593,1e-06,1e-06,0,1,1,36199.86
583,594,0.020027,0.034066,0,1,1,10859.96
584,595,0.002929,0.001471,0,1,1,11402.96
585,596,0.01283,0.006446,0,1,1,11402.96
586,597,5.3e-05,2.7e-05,0,1,1,11402.96
587,598,1e-06,1e-06,0,1,1,36199.86
589,599,0.014796,0.007433,0,1,1,11402.96
590,600,0.007505,0.00377,0,1,1,11402.96
591,601,425.92,476.256,0,1,1,23.75
593,602,1064.8,1190.64,0,1,1,9.5
594,603,0.021245,0.036139,0,1,1,10859.96
595,604,0.006349,0.00319,0,1,1,11402.96
596,605,0.011869,0.005962,0,1,1,11402.96
597,606,0.001297,0.000652,0,1,1,11402.96
598,607,1e-06,1e-06,0,1,1,36199.86
598,608,1e-06,1e-06,0,1,1,36199.86
599,609,0.013754,0.00691,0,1,1,11402.96
600,610,0.017508,0.008795,0,1,1,11402.96
603,611,0.023611,0.040162,0,1,1,10859.96
604,612,0.008838,0.00444,0,1,1,11402.96
605,613,0.000157,7.9e-05,0,1,1,22805.91
606,614,1e-06,1e-06,0,1,1,36199.86
607,615,12.584,37.268,0,1,1,475.0
608,616,0.005084,0.002554,0,1,1,11402.96
609,617,0.006151,0.00309,0,1,1,11402.96
610,618,0.022851,0.01148,0,1,1,11402.96
611,619,0.024763,0.042123,0,1,1,10859.96
611,620,0.010846,0.002247,0,1,1,1013.6
612,621,0.011793,0.005925,0,1,1,11402.96
613,622,0.037499,0.018838,0,1,1,11402.96
614,623,1e-06,1e-06,0,1,1,36199.86
614,624,1e-06,1e-06,0,1,1,36199.86
616,625,0.00043,0.000216,0,1,1,11402.96
617,626,0.00482,0.002421,0,1,1,11402.96
618,627,0.016361,0.008219,0,1,1,11402.96
620,628,1e-06,1e-06,0,1,1,36199.86
621,629,0.008006,0.004022,0,1,1,11402.96
622,630,1e-06,1e-06,0,1,1,36199.86
623,631,0.019446,0.009769,0,1,1,11402.96
624,632,12.584,37.268,0,1,1,475.0
625,633,0.004653,0.002338,0,1,1,11402.96
626,634,0.020063,0.010079,0,1,1,11402.96
627,635,1e-06,1e-06,0,1,1,36199.86
627,636,1e-06,1e-06,0,1,1,36199.86
627,637,1e-06,1e-06,0,1,1,36199.86
627,638,0.018833,0.009461,0,1,1,11402.96
628,639,2.283875,0.473275,0,1,1,1013.6
629,640,0.008737,0.004389,0,1,1,11402.96
630,641,1e-06,1e-06,0,1,1,36199.86
630,642,1e-06,1e-06,0,1,1,36199.86
631,643,0.006107,0.003068,0,1,1,11402.96
633,644,0.001197,0.000601,0,1,1,11402.96
634,645,1e-06,1e-06,0,1,1,36199.86
637,646,7.098667,31.492267,0,1,1,712.5
638,647,0.008114,0.004076,0,1,1,11402.96
639,648,1e-06,1e-06,0,1,1,36199.86
640,649,0.011889,0.005973,0,1,1,11402.96
641,650,12.584,37.268,0,1,1,475.0
642,651,0.004999,0.002511,0,1,1,11402.96
643,652,0.007689,0.003863,0,1,1,11402.96
644,653,0.004303,0.002162,0,1,1,11402.96
645,654,1e-06,1e-06,0,1,1,36199.86
645,655,1e-06,1e-06,0,1,1,36199.86
647,656,0.01397,0.007018,0,1,1,11402.96
648,657,425.92,476.256,0,1,1,23.75
649,658,0.024016,0.012065,0,1,1,11402.96
651,659,0.023361,0.011736,0,1,1,11402.96
652,660,0.002961,0.001487,0,1,1,11402.96
653,661,0.010278,0.005163,0,1,1,11402.96
654,662,0.003082,0.001548,0,1,1,11402.96
655,663,12.584,37.268,0,1,1,475.0
656,664,0.013645,0.006855,0,1,1,11402.96
658,665,0.00758,0.003808,0,1,1,11402.96
659,666,0.025617,0.012869,0,1,1,11402.96
660,667,0.007688,0.003862,0,1,1,11402.96
661,668,0.009596,0.004821,0,1,1,11402.96
662,669,0.010584,0.005317,0,1,1,11402.96
664,670,0.025353,0.012737,0,1,1,11402.96
665,671,1e-06,1e-06,0,1,1,36199.86
666,672,1e-06,1e-06,0,1,1,36199.86
667,673,0.003384,0.0017,0,1,1,11402.96
668,674,0.005704,0.002865,0,1,1,11402.96
669,675,0.007196,0.003615,0,1,1,11402.96
671,676,1e-06,1e-06,0,1,1,36199.86
671,677,1e-06,1e-06,0,1,1,36199.86
672,678,1e-06,1e-06,0,1,1,36199.86
673,679,0.006804,0.003418,0,1,1,11402.96
674,680,0.011934,0.005995,0,1,1,11402.96
676,681,0.006002,0.003015,0,1,1,11402.96
677,682,12.584,37.268,0,1,1,475.0
678,683,12.584,37.268,0,1,1,475.0
679,684,0.002961,0.001487,0,1,1,11402.96
680,685,0.006704,0.003368,0,1,1,11402.96
681,686,0.00978,0.004913,0,1,1,11402.96
684,687,0.007243,0.003639,0,1,1,11402.96
685,688,0.00104,0.000522,0,1,1,11402.96
686,689,0.006767,0.003399,0,1,1,11402.96
687,690,0.002961,0.001487,0,1,1,11402.96
688,691,0.009594,0.00482,0,1,1,11402.96
689,692,0.015407,0.00774,0,1,1,11402.96
690,693,0.007689,0.003863,0,1,1,11402.96
691,694,0.010512,0.005281,0,1,1,11402.96
692,695,0.015584,0.007829,0,1,1,11402.96
693,696,0.008521,0.004281,0,1,1,11402.96
694,697,0.009214,0.004629,0,1,1,11402.96
695,698,0.015271,0.007672,0,1,1,11402.96
696,699,0.000126,6.3e-05,0,1,1,11402.96
697,700,0.00553,0.002778,0,1,1,11402.96
698,701,0.001586,0.000797,0,1,1,11402.96
699,702,0.007525,0.00378,0,1,1,11402.96
700,703,0.00031,0.000156,0,1,1,11402.96
701,704,0.009195,0.004619,0,1,1,11402.96
702,705,1e-06,1e-06,0,1,1,36199.86
703,706,0.00503,0.002527,0,1,1,11402.96
704,707,1e-06,1e-06,0,1,1,36199.86
705,708,12.584,37.268,0,1,1,475.0
706,709,0.002555,0.001283,0,1,1,11402.96
707,710,1e-06,1e-06,0,1,1,36199.86
707,711,1e-06,1e-06,0,1,1,36199.86
709,712,0.008646,0.004343,0,1,1,11402.96
710,713,12.584,37.268,0,1,1,475.0
711,714,0.008282,0.004161,0,1,1,11402.96
712,715,0.01014,0.005094,0,1,1,11402.96
714,716,0.001421,0.000714,0,1,1,11402.96
715,717,0.024211,0.012163,0,1,1,11402.96
716,718,0.014923,0.007497,0,1,1,11402.96
717,719,1e-06,1e-06,0,1,1,36199.86
717,720,12.584,37.268,0,1,1,475.0
718,721,0.014156,0.007112,0,1,1,11402.96
721,722,0.022656,0.011382,0,1,1,11402.96
