NODE,KVA,TYPE,CUSTOMERS,RATING_KW,PEAK_KW
46,50.0,RES,12,47.5,14.499
601,25.0,RES,3,23.75,6.212
34,50.0,RES,9,47.5,13.281
378,500.0,RES,125,475.0,173.797
284,50.0,RES,1,47.5,2.854
427,315.0,COM,1,299.25,149.625
81,500.0,COM,1,475.0,237.5
682,500.0,RES,148,475.0,195.773
720,500.0,RES,147,475.0,178.055
226,200.0,COM,1,190.0,95.0
139,500.0,COM,1,475.0,237.5
98,25.0,RES,6,23.75,10.376
548,200.0,COM,1,190.0,95.0
62,25.0,RES,6,23.75,9.975
285,50.0,RES,3,47.5,7.169
528,100.0,COM,1,95.0,47.5
122,500.0,RES,21,475.0,29.24
492,50.0,RES,12,47.5,15.702
294,300.0,COM,1,285.0,142.5
324,300.0,RES,60,285.0,78.744
657,25.0,RES,2,23.75,3.049
262,25.0,RES,6,23.75,8.87
568,10.0,RES,2,9.5,6.194
486,25.0,RES,2,23.75,2.975
602,10.0,RES,2,9.5,3.168
56,25.0,RES,6,23.75,5.404
177,10.0,RES,2,9.5,4.613
513,25.0,RES,1,23.75,3.37
713,500.0,RES,114,475.0,152.139
310,500.0,RES,158,475.0,191.781
57,100.0,RES,25,95.0,30.155
663,500.0,RES,138,475.0,164.499
422,500.0,RES,120,475.0,150.02
111,500.0,RES,55,475.0,73.068
184,10.0,RES,2,9.5,3.042
36,300.0,RES,158,285.0,201.402
650,500.0,RES,114,475.0,146.141
82,750.0,COM,1,712.5,356.25
146,500.0,RES,139,475.0,181.678
191,25.0,RES,6,23.75,8.699
540,10.0,RES,3,9.5,4.039
401,1500.0,RES,49,1425.0,72.979
290,10.0,RES,2,9.5,1.96
579,500.0,RES,200,475.0,254.271
286,63.0,RES,7,59.849999999999994,12.517
300,500.0,RES,107,475.0,143.011
381,500.0,RES,125,475.0,164.403
512,50.0,RES,12,47.5,14.368
362,315.0,COM,1,299.25,149.625
281,10.0,RES,5,9.5,10.851
208,10.0,RES,2,9.5,5.697
206,500.0,RES,128,475.0,181.305
497,10.0,RES,1,9.5,3.773
199,10.0,RES,2,9.5,4.475
277,200.0,RES,38,190.0,56.857
95,50.0,RES,20,47.5,27.65
347,25.0,RES,1,23.75,2.362
571,25.0,RES,2,23.75,4.96
159,25.0,RES,5,23.75,7.529
458,300.0,RES,73,285.0,99.294
256,63.0,RES,1,59.849999999999994,3.698
632,500.0,RES,133,475.0,167.342
217,50.0,RES,12,47.5,16.218
683,500.0,RES,126,475.0,163.729
517,300.0,RES,93,285.0,115.917
363,10.0,RES,2,9.5,3.833
170,10.0,RES,2,9.5,3.915
708,500.0,RES,148,475.0,196.379
615,500.0,RES,107,475.0,132.806
455,25.0,RES,9,23.75,14.302
592,10.0,RES,2,9.5,4.96
472,25.0,RES,6,23.75,14.006
296,25.0,RES,3,23.75,4.325
437,50.0,RES,3,47.5,4.63
535,500.0,RES,118,475.0,134.956
646,750.0,RES,76,712.5,105.526
79,63.0,RES,15,59.849999999999994,20.664
549,10.0,RES,3,9.5,8.947
574,500.0,RES,128,475.0,173.288
